,auc_mean,auc_std,precision_mean,precision_std,recall_mean,recall_std,f1_mean,f1_std
Logistic Regression,0.7360887086269334,0.00527724757935322,0.15456586567107475,0.0029738787043936637,0.6705165578921924,0.014823799261079289,0.25121757804982314,0.004894149171015848
XGBoost,0.767438411649823,0.003943741212345569,0.21668007664334765,0.003974523188035811,0.5500254612843445,0.014145715842171743,0.31086460580722314,0.005834070800681426
LightGBM,0.7642889709814032,0.005402436162696741,0.19725244378100176,0.0026175803841619995,0.5977664168882443,0.012994430795316474,0.2966119481313349,0.00428665750159747
