Model,AUC-ROC,AUC-PR,CV_AUC_Mean,CV_AUC_Std,Recall_Standard,Precision_Standard,F1_Standard,Recall_Optimal,Precision_Optimal,F1_Optimal,Optimal_Threshold,Defaults_Missed_Standard,Defaults_Missed_Optimal,Total_Cost_Standard,Total_Cost_Optimal,Net_Savings_Optimal,ROI_Optimal,Training_Time
Logistic Regression,0.7330453253388056,0.20163657888807934,0.7360887086269334,0.00527724757935322,0.6734382935500254,0.15519662921348315,0.25225910777133076,1.0,0.0807927454761807,0.1495064540622627,1.2440920274376239e-83,643,0,209763000,22402000,597833000,2668.6590482992588,1.9859731197357178
XGBoost,0.767154089748056,0.25047752430334974,0.767438411649823,0.003943741212345569,0.5794819705434231,0.2107888416774432,0.30913031698726634,1.0,0.0807993762567196,0.14951780697091654,0.0025481719058007,828,0,265092000,22400000,597835000,2668.90625,11.929483652114868
LightGBM,0.7653297585140312,0.24333621028199143,0.7642889709814032,0.005402436162696741,0.6190959878110716,0.19148601947847943,0.29250149970006,1.0,0.08079606073040624,0.14951213030107446,0.003346813731598613,750,0,241397000,22401000,597834000,2668.7826436319806,5.343485116958618
