Model,AUC-ROC,AUC-PR,Recall (Default),Precision (Default),F1-Score (Default),Train Time (s)
Logistic Regression,0.7331062164799764,0.2016950261712699,0.6734382935500254,0.15519662921348315,0.25225910777133076,2.8
XGBoost,0.7665279719416523,0.2482791379791643,0.7196546470289487,0.16676474049664589,0.2707815784444869,4.49
LightGBM,0.7636758589997844,0.23774275408558226,0.622143219908583,0.19303498266624644,0.2946482260974143,4.13
