Model,AUC-ROC,AUC-PR,Recall (Default),Precision (Default),F1-Score (Default),Train Time (s)
Logistic Regression,0.6297303785155198,0.11989415088228969,0.6201117318435754,0.11589938300901756,0.1952975047984645,14.52
XGBoost,0.7671790378868716,0.24902049993362868,0.7968511934992382,0.14458164393660156,0.2447546993214258,4.67
LightGBM,0.7652383537928097,0.24585995619524623,0.6216353478923311,0.19413164155432197,0.2958665699782451,2.02
